codigo_postal,municipio,latitud,longitud,zone
08000,9006,19.3952789306641,-99.0977783203125,Iztapalapa 1
08010,9006,19.3940582275391,-99.0883560180664,Iztapalapa 1
08020,9006,19.3866939544678,-99.0988693237305,Iztapalapa 1
08030,9006,19.3903770446777,-99.0901107788086,Iztapalapa 1
08040,9006,19.3832206726074,-99.0976028442383,Iztapalapa 1
08100,9006,19.4045639038086,-99.0644683837891,Iztapalapa 1
08200,9006,19.3992729187012,-99.1272964477539,Iztapalapa 1
08210,9006,19.3984355926514,-99.126106262207,Iztapalapa 1
08220,9006,19.3933353424072,-99.1308212280273,Iztapalapa 1
08230,9006,19.3963050842285,-99.124382019043,Iztapalapa 1
08240,9006,19.3928165435791,-99.1250915527344,Iztapalapa 1
08300,9006,19.3994121551514,-99.1210021972656,Iztapalapa 1
08310,9006,19.4046649932861,-99.1144714355469,Iztapalapa 1
08320,9006,19.3992519378662,-99.114860534668,Iztapalapa 1
08400,9006,19.4035873413086,-99.1030883789063,Iztapalapa 1
08420,9006,19.4055652618408,-99.0801086425781,Iztapalapa 1
08500,9006,19.4025077819824,-99.068733215332,Iztapalapa 1
08510,9006,19.3925247192383,-99.0862121582031,Iztapalapa 1
08600,9006,19.3898735046387,-99.1200256347656,Iztapalapa 1
08610,9006,19.394323348999,-99.1194686889648,Iztapalapa 1
08620,9006,19.3974990844727,-99.1173400878906,Iztapalapa 1
08650,9006,19.3914680480957,-99.1160507202148,Iztapalapa 1
08700,9006,19.3927364349365,-99.1130447387695,Iztapalapa 1
08710,9006,19.3971672058105,-99.1118011474609,Iztapalapa 1
08720,9006,19.3973979949951,-99.1098556518555,Iztapalapa 1
08730,9006,19.395227432251,-99.1000366210938,Iztapalapa 1
08760,9006,19.3884029388428,-99.1061172485352,Iztapalapa 1
08770,9006,19.3897647857666,-99.1151351928711,Iztapalapa 1
08800,9006,19.3886451721191,-99.1255874633789,Iztapalapa 1
08810,9006,19.3863086700439,-99.1307067871094,Iztapalapa 1
08830,9006,19.3807716369629,-99.1228790283203,Iztapalapa 1
08840,9006,19.3784675598145,-99.1342620849609,Iztapalapa 1
08900,9006,19.3864765167236,-99.1052856445313,Iztapalapa 1
08910,9006,19.3880023956299,-99.1210174560547,Iztapalapa 1
08920,9006,19.3881797790527,-99.1181030273438,Iztapalapa 1
08930,9006,19.3852233886719,-99.113655090332,Iztapalapa 1
09000,9007,19.3582801818848,-99.0934143066406,Iztapalapa 1
09010,9007,19.389440536499,-99.0816268920898,Iztapalapa 1
09020,9007,19.3884925842285,-99.0784683227539,Iztapalapa 1
09030,9007,19.3849449157715,-99.0862731933594,Iztapalapa 1
09040,9007,19.3733673095703,-99.0880584716797,Iztapalapa 1
09060,9007,19.362174987793,-99.1122894287109,Iztapalapa 1
09070,9007,19.3656349182129,-99.1060180664063,Iztapalapa 1
09080,9007,19.3594570159912,-99.1244430541992,Iztapalapa 1
09089,9007,19.3636226654053,-99.1246643066406,Iztapalapa 1
09090,9007,19.3623046875,-99.1176605224609,Iztapalapa 1
09099,9007,19.3578433990479,-99.1194610595703,Iztapalapa 1
09100,9007,19.3915367126465,-99.0435409545898,Iztapalapa 1
09130,9007,19.3832263946533,-99.0266647338867,Iztapalapa 1
09140,9007,19.3780460357666,-99.015739440918,Iztapalapa 1
09180,9007,19.3666648864746,-98.9983596801758,Iztapalapa 1
09200,9007,19.3571662902832,-99.0556182861328,Iztapalapa 1
09208,9007,19.3758659362793,-99.0520782470703,Iztapalapa 1
09209,9007,19.3670616149902,-99.0506362915039,Iztapalapa 1
09210,9007,19.3912010192871,-99.0529022216797,Iztapalapa 1
09220,9007,19.3870849609375,-99.0492553710938,Iztapalapa 1
09230,9007,19.3734321594238,-99.0276336669922,Iztapalapa 1
09239,9007,19.3695373535156,-99.0278701782227,Iztapalapa 1
09240,9007,19.3581924438477,-99.0668029785156,Iztapalapa 1
09250,9007,19.3531551361084,-99.065055847168,Iztapalapa 1
09260,9007,19.3492813110352,-99.0613632202148,Iztapalapa 1
09270,9007,19.3458156585693,-99.0559158325195,Iztapalapa 1
09280,9007,19.3445625305176,-99.0523529052734,Iztapalapa 1
09290,9007,19.3460292816162,-99.0444717407227,Iztapalapa 1
09300,9007,19.3723945617676,-99.0763549804688,Iztapalapa 1
09310,9007,19.3788394927979,-99.0680847167969,Iztapalapa 1
09319,9007,19.3847484588623,-99.0733184814453,Iztapalapa 1
09320,9007,19.3749237060547,-99.0636444091797,Iztapalapa 1
09350,9007,19.3549098968506,-99.0695648193359,Iztapalapa 1
09359,9007,19.3606586456299,-99.067024230957,Iztapalapa 1
09360,9007,19.3584728240967,-99.0785369873047,Iztapalapa 1
09400,9007,19.3738803863525,-99.1193237304688,Iztapalapa 1
09410,9007,19.3754062652588,-99.1113052368164,Iztapalapa 1
09420,9007,19.3771533966064,-99.1057281494141,Iztapalapa 1
09429,9007,19.3807735443115,-99.1095962524414,Iztapalapa 1
09430,9007,19.3814277648926,-99.1163330078125,Iztapalapa 1
09438,9007,19.3763065338135,-99.1162261962891,Iztapalapa 1
09440,9007,19.3725662231445,-99.1345138549805,Iztapalapa 1
09450,9007,19.3641548156738,-99.1375503540039,Iztapalapa 1
09460,9007,19.3648357391357,-99.1345291137695,Iztapalapa 1
09470,9007,19.3612289428711,-99.1322937011719,Iztapalapa 1
09479,9007,19.3639869689941,-99.1295852661133,Iztapalapa 1
09480,9007,19.3581314086914,-99.1381759643555,Iztapalapa 1
09500,9007,19.3486595153809,-99.0229187011719,Iztapalapa 1
09510,9007,19.3592166900635,-99.0067749023438,Iztapalapa 1
09520,9007,19.3641204833984,-99.0141525268555,Iztapalapa 1
09530,9007,19.3703594207764,-99.0187301635742,Iztapalapa 1
09550,9007,19.3546199798584,-99.0212860107422,Iztapalapa 1
09560,9007,19.3559970855713,-99.0182266235352,Iztapalapa 1
09570,9007,19.3593654632568,-99.0329971313477,Iztapalapa 1
09578,9007,19.3683052062988,-99.0373992919922,Iztapalapa 1
09600,9007,19.3529891967773,-99.0046005249023,Iztapalapa 1
09608,9007,19.3531017303467,-99.0088119506836,Iztapalapa 1
09609,9007,19.3465194702148,-99.0097808837891,Iztapalapa 1
09620,9007,19.3531322479248,-98.9979782104492,Iztapalapa 1
09630,9007,19.3432865142822,-98.9897079467773,Iztapalapa 1
09637,9007,19.328311920166,-98.9741821289063,Iztapalapa 1
09638,9007,19.3364639282227,-98.9802780151367,Iztapalapa 1
09640,9007,19.33616065979,-99.0060195922852,Iztapalapa 1
09648,9007,19.3350982666016,-99.0036697387695,Iztapalapa 1
09660,9007,19.3416442871094,-99.0230178833008,Iztapalapa 1
09670,9007,19.3354473114014,-99.0265808105469,Iztapalapa 1
09680,9007,19.3299007415772,-99.0205612182617,Iztapalapa 1
09689,9007,19.3254947662354,-99.0161514282227,Iztapalapa 1
09690,9007,19.340202331543,-98.9982299804688,Iztapalapa 1
09696,9007,19.3399257659912,-98.9995346069336,Iztapalapa 1
09698,9007,19.3431758880615,-99.0035781860352,Iztapalapa 1
09700,9007,19.3278198242188,-99.0293121337891,Iztapalapa 1
09704,9007,19.3176574707031,-99.0426635742188,Iztapalapa 1
09705,9007,19.3168106079102,-99.0388641357422,Iztapalapa 1
09706,9007,19.3251552581787,-99.0343399047852,Iztapalapa 1
09708,9007,19.3250427246094,-99.0489654541016,Iztapalapa 1
09709,9007,19.3297176361084,-99.0352554321289,Iztapalapa 1
09710,9007,19.3421096801758,-99.0602722167969,Iztapalapa 1
09720,9007,19.3395195007324,-99.0542144775391,Iztapalapa 1
09730,9007,19.3394870758057,-99.0310211181641,Iztapalapa 1
09740,9007,19.3323879241943,-99.060920715332,Iztapalapa 1
09750,9007,19.3372974395752,-99.0502243041992,Iztapalapa 1
09760,9007,19.324800491333,-99.0579223632813,Iztapalapa 1
09769,9007,19.3216133117676,-99.0515213012695,Iztapalapa 1
09770,9007,19.3268775939941,-99.065299987793,Iztapalapa 1
09780,9007,19.3181991577148,-99.0610885620117,Iztapalapa 1
09790,9007,19.31276512146,-99.0662536621094,Iztapalapa 1
09800,9007,19.3392429351807,-99.1066665649414,Iztapalapa 1
09810,9007,19.3520946502686,-99.1100921630859,Iztapalapa 1
09819,9007,19.3472156524658,-99.1143493652344,Iztapalapa 1
09820,9007,19.3536930084229,-99.0931396484375,Iztapalapa 1
09828,9007,19.35373878479,-99.1009902954102,Iztapalapa 1
09829,9007,19.3516387939453,-99.0953369140625,Iztapalapa 1
09830,9007,19.3441181182861,-99.0671234130859,Iztapalapa 1
09837,9007,19.3516635894775,-99.078857421875,Iztapalapa 1
09838,9007,19.3528938293457,-99.0847091674805,Iztapalapa 1
09839,9007,19.3376808166504,-99.0704879760742,Iztapalapa 1
09840,9007,19.3452739715576,-99.1098480224609,Iztapalapa 1
09849,9007,19.3447399139404,-99.1035842895508,Iztapalapa 1
09850,9007,19.3342361450195,-99.0835494995117,Iztapalapa 1
09856,9007,19.3507556915283,-99.0886917114258,Iztapalapa 1
09858,9007,19.346212387085,-99.0802536010742,Iztapalapa 1
09859,9007,19.3293075561523,-99.0805282592773,Iztapalapa 1
09860,9007,19.3217086791992,-99.0765380859375,Iztapalapa 1
09868,9007,19.3280639648438,-99.0708923339844,Iztapalapa 1
09870,9007,19.3298168182373,-99.104866027832,Iztapalapa 1
09880,9007,19.3167705535889,-99.0812072753906,Iztapalapa 1
09890,9007,19.3204784393311,-99.0936584472656,Iztapalapa 1
09897,9007,19.3128528594971,-99.0909271240234,Iztapalapa 1
09900,9007,19.3136386871338,-99.0708465576172,Iztapalapa 1
09910,9007,19.3115921020508,-99.0795745849609,Iztapalapa 1
09920,9007,19.3071136474609,-99.0817947387695,Iztapalapa 1
09930,9007,19.3012714385986,-99.0660400390625,Iztapalapa 1
09940,9007,19.2965755462647,-99.0725708007813,Iztapalapa 1
09960,9007,19.2906265258789,-99.0675277709961,Iztapalapa 1
09969,9007,19.2928581237793,-99.0720672607422,Iztapalapa 1
09970,9007,19.3003959655762,-99.078483581543,Iztapalapa 1
13000,9011,19.2738132476807,-99.0058975219727,Iztapalapa 1
13010,9011,19.278434753418,-99.0051116943359,Iztapalapa 1
13020,9011,19.2757377624512,-98.9988403320313,Iztapalapa 1
13030,9011,19.2710247039795,-99.0078811645508,Iztapalapa 1
13040,9011,19.2708873748779,-99.0015335083008,Iztapalapa 1
13050,9011,19.2684230804443,-98.9958724975586,Iztapalapa 1
13060,9011,19.2678527832031,-99.0099563598633,Iztapalapa 1
13070,9011,19.2682323455811,-99.0010299682617,Iztapalapa 1
13080,9011,19.2644348144531,-99.0072937011719,Iztapalapa 1
13090,9011,19.2602672576904,-99.0048370361328,Iztapalapa 1
13093,9011,19.2563724517822,-99.0086822509766,Iztapalapa 1
13094,9011,19.2601261138916,-99.012336730957,Iztapalapa 1
13099,9011,19.2645359039307,-99.0021667480469,Iztapalapa 1
13100,9011,19.3113117218018,-98.9708709716797,Iztapalapa 1
13110,9011,19.324348449707,-98.976188659668,Iztapalapa 1
13119,9011,19.3255558013916,-98.9767532348633,Iztapalapa 1
13120,9011,19.3198356628418,-98.9631271362305,Iztapalapa 1
13123,9011,19.3185577392578,-98.9706192016602,Iztapalapa 1
13129,9011,19.3212699890137,-98.9729537963867,Iztapalapa 1
13150,9011,19.312162399292,-98.966194152832,Iztapalapa 1
13180,9011,19.3087463378906,-98.9735794067383,Iztapalapa 1
13200,9011,19.2903614044189,-99.0465621948242,Iztapalapa 1
13210,9011,19.3013706207275,-99.0584716796875,Iztapalapa 1
13219,9011,19.3041667938232,-99.0541687011719,Iztapalapa 1
13220,9011,19.2991504669189,-99.0536270141602,Iztapalapa 1
13230,9011,19.2989597320557,-99.0622711181641,Iztapalapa 1
13250,9011,19.293327331543,-99.0602798461914,Iztapalapa 1
13270,9011,19.2880153656006,-99.0593109130859,Iztapalapa 1
13273,9011,19.2830562591553,-99.0410079956055,Iztapalapa 1
13278,9011,19.2797946929932,-99.0523071289063,Iztapalapa 1
13280,9011,19.2913455963135,-99.0522308349609,Iztapalapa 1
13300,9011,19.2982406616211,-99.0390625,Iztapalapa 1
13310,9011,19.3081817626953,-99.0382690429688,Iztapalapa 1
13315,9011,19.3094062805176,-99.0369033813477,Iztapalapa 1
13319,9011,19.3092422485352,-99.0433349609375,Iztapalapa 1
13360,9011,19.293436050415,-99.0387649536133,Iztapalapa 1
13400,9011,19.2991008758545,-99.0152130126953,Iztapalapa 1
13410,9011,19.3033027648926,-99.0199127197266,Iztapalapa 1
13419,9011,19.3021755218506,-99.0215835571289,Iztapalapa 1
13420,9011,19.2861709594727,-99.0048751831055,Iztapalapa 1
13430,9011,19.288667678833,-98.9949417114258,Iztapalapa 1
13440,9011,19.2976245880127,-99.0231628417969,Iztapalapa 1
13450,9011,19.2937564849854,-99.0139923095703,Iztapalapa 1
13460,9011,19.2853622436523,-99.0109405517578,Iztapalapa 1
13508,9011,19.2365608215332,-98.9948654174805,Iztapalapa 1
13509,9011,19.2397270202637,-98.9970245361328,Iztapalapa 1
13510,9011,19.247875213623,-98.9969863891602,Iztapalapa 1
13520,9011,19.2465476989746,-99.0015563964844,Iztapalapa 1
13529,9011,19.2641353607178,-98.998405456543,Iztapalapa 1
13530,9011,19.2304935455322,-98.9985809326172,Iztapalapa 1
13540,9011,19.237756729126,-99.0030899047852,Iztapalapa 1
13545,9011,19.2376842498779,-98.9990310668945,Iztapalapa 1
13546,9011,19.2440528869629,-99.0090942382813,Iztapalapa 1
13549,9011,19.2292327880859,-99.0054550170898,Iztapalapa 1
13550,9011,19.2303371429443,-98.9901504516602,Iztapalapa 1
13600,9011,19.2269630432129,-98.9616012573242,Iztapalapa 1
13610,9011,19.2286911010742,-98.9671630859375,Iztapalapa 1
13625,9011,19.2235431671143,-98.9518127441406,Iztapalapa 1
13630,9011,19.2239646911621,-98.9674377441406,Iztapalapa 1
13640,9011,19.2226715087891,-98.9635238647461,Iztapalapa 1
13700,9011,19.2206382751465,-98.9710693359375,Iztapalapa 1
15000,9017,19.4119834899902,-99.0933227539063,Nezahualcoyotl
15010,9017,19.4167823791504,-99.0938873291016,Nezahualcoyotl
15020,9017,19.4096260070801,-99.084114074707,Nezahualcoyotl
15100,9017,19.4325637817383,-99.1233062744141,Nezahualcoyotl
15200,9017,19.4487762451172,-99.1174011230469,Nezahualcoyotl
15210,9017,19.45725440979,-99.1199417114258,Nezahualcoyotl
15220,9017,19.4540634155273,-99.1231155395508,Nezahualcoyotl
15230,9017,19.4500999450684,-99.1193161010742,Nezahualcoyotl
15240,9017,19.4462051391602,-99.1160736083984,Nezahualcoyotl
15250,9017,19.4483108520508,-99.1132583618164,Nezahualcoyotl
15260,9017,19.4425964355469,-99.1143493652344,Nezahualcoyotl
15270,9017,19.445728302002,-99.1234970092773,Nezahualcoyotl
15280,9017,19.4351043701172,-99.1135711669922,Nezahualcoyotl
15290,9017,19.4327239990234,-99.1159896850586,Nezahualcoyotl
15300,9017,19.443675994873,-99.1088180541992,Nezahualcoyotl
15309,9017,19.4493770599365,-99.1066513061523,Nezahualcoyotl
15310,9017,19.4531841278076,-99.1132736206055,Nezahualcoyotl
15320,9017,19.4381256103516,-99.1078033447266,Nezahualcoyotl
15330,9017,19.4404487609863,-99.106689453125,Nezahualcoyotl
15339,9017,19.4436073303223,-99.1053924560547,Nezahualcoyotl
15340,9017,19.4398784637451,-99.1115264892578,Nezahualcoyotl
15350,9017,19.4363193511963,-99.1180191040039,Nezahualcoyotl
15370,9017,19.4366416931152,-99.1074981689453,Nezahualcoyotl
15380,9017,19.4322853088379,-99.1133193969727,Nezahualcoyotl
15390,9017,19.429801940918,-99.1150665283203,Nezahualcoyotl
15400,9017,19.4411373138428,-99.098030090332,Nezahualcoyotl
15410,9017,19.4488124847412,-99.0971527099609,Nezahualcoyotl
15420,9017,19.4471588134766,-99.1011428833008,Nezahualcoyotl
15430,9017,19.447437286377,-99.0915069580078,Nezahualcoyotl
15440,9017,19.445198059082,-99.1015319824219,Nezahualcoyotl
15450,9017,19.4427013397217,-99.1038589477539,Nezahualcoyotl
15460,9017,19.4392375946045,-99.103874206543,Nezahualcoyotl
15470,9017,19.4360122680664,-99.1063690185547,Nezahualcoyotl
15500,9017,19.4270839691162,-99.1065979003906,Nezahualcoyotl
15510,9017,19.4428634643555,-99.0802612304688,Nezahualcoyotl
15520,9017,19.4413318634033,-99.0778350830078,Nezahualcoyotl
15530,9017,19.4336738586426,-99.0982513427734,Nezahualcoyotl
15540,9017,19.4227981567383,-99.0972595214844,Nezahualcoyotl
15600,9017,19.425838470459,-99.0634307861328,Nezahualcoyotl
15610,9017,19.4221744537354,-99.0657424926758,Nezahualcoyotl
15620,9017,19.4207630157471,-99.0752716064453,Nezahualcoyotl
15630,9017,19.4266529083252,-99.0698089599609,Nezahualcoyotl
15640,9017,19.431303024292,-99.0579223632813,Nezahualcoyotl
15650,9017,19.4285182952881,-99.0679702758789,Nezahualcoyotl
15660,9017,19.4284172058105,-99.057258605957,Nezahualcoyotl
15670,9017,19.4198398590088,-99.0725173950195,Nezahualcoyotl
15680,9017,19.4235286712647,-99.0557632446289,Nezahualcoyotl
15700,9017,19.4235610961914,-99.0881729125977,Nezahualcoyotl
15710,9017,19.4211597442627,-99.0933532714844,Nezahualcoyotl
15730,9017,19.4164047241211,-99.0852279663086,Nezahualcoyotl
15740,9017,19.4142398834229,-99.0784606933594,Nezahualcoyotl
15750,9017,19.4111576080322,-99.0770797729492,Nezahualcoyotl
15800,9017,19.406494140625,-99.1232147216797,Nezahualcoyotl
15810,9017,19.4217758178711,-99.1242141723633,Nezahualcoyotl
15820,9017,19.4167976379395,-99.125602722168,Nezahualcoyotl
15830,9017,19.4115772247314,-99.1261749267578,Nezahualcoyotl
15840,9017,19.4106578826904,-99.1234359741211,Nezahualcoyotl
15850,9017,19.408145904541,-99.1182479858398,Nezahualcoyotl
15860,9017,19.4108695983887,-99.1164932250977,Nezahualcoyotl
15870,9017,19.4128017425537,-99.1229248046875,Nezahualcoyotl
15900,9017,19.4166679382324,-99.1138916015625,Nezahualcoyotl
15960,9017,19.4258918762207,-99.1154556274414,Nezahualcoyotl
15970,9017,19.4197406768799,-99.1162261962891,Nezahualcoyotl
15980,9017,19.4156684875488,-99.1163940429688,Nezahualcoyotl
15990,9017,19.4122657775879,-99.1186370849609,Nezahualcoyotl
16000,9013,19.269157409668,-99.1047515869141,Iztapalapa 1
16010,9013,19.2791156768799,-99.1277236938477,Iztapalapa 1
16020,9013,19.2749996185303,-99.1388854980469,Iztapalapa 1
16029,9013,19.2648983001709,-99.1324615478516,Iztapalapa 1
16030,9013,19.2691135406494,-99.1196899414063,Iztapalapa 1
16034,9013,19.281530380249,-99.1162338256836,Iztapalapa 1
16035,9013,19.2822208404541,-99.1209106445313,Iztapalapa 1
16036,9013,19.2995414733887,-99.0980911254883,Iztapalapa 1
16038,9013,19.2700901031494,-99.1129531860352,Iztapalapa 1
16040,9013,19.2669811248779,-99.0938873291016,Iztapalapa 1
16050,9013,19.2559776306152,-99.114875793457,Iztapalapa 1
16059,9013,19.2610244750977,-99.1202239990234,Iztapalapa 1
16060,9013,19.2604007720947,-99.1323776245117,Iztapalapa 1
16070,9013,19.2622375488281,-99.1028900146484,Iztapalapa 1
16080,9013,19.2634830474854,-99.0950164794922,Iztapalapa 1
16090,9013,19.259033203125,-99.0880126953125,Iztapalapa 1
16100,9013,19.2564926147461,-99.1310958862305,Iztapalapa 1
16200,9013,19.2480792999268,-99.121826171875,Iztapalapa 1
16210,9013,19.2527446746826,-99.1177139282227,Iztapalapa 1
16300,9013,19.2416210174561,-99.1148986816406,Iztapalapa 1
16310,9013,19.2430801391602,-99.1164169311523,Iztapalapa 1
16320,9013,19.2426795959473,-99.1068496704102,Iztapalapa 1
16340,9013,19.2424907684326,-99.1064300537109,Iztapalapa 1
16400,9013,19.2428245544434,-99.1003265380859,Iztapalapa 1
16410,9013,19.2467784881592,-99.098388671875,Iztapalapa 1
16420,9013,19.2501945495605,-99.0897064208984,Iztapalapa 1
16428,9013,19.2443752288818,-99.0878524780273,Iztapalapa 1
16429,9013,19.2461948394775,-99.0850296020508,Iztapalapa 1
16430,9013,19.2495918273926,-99.0866622924805,Iztapalapa 1
16440,9013,19.2475757598877,-99.0863952636719,Iztapalapa 1
16443,9013,19.2463989257813,-99.082405090332,Iztapalapa 1
16450,9013,19.2460479736328,-99.091926574707,Iztapalapa 1
16457,9013,19.2420444488525,-99.0884780883789,Iztapalapa 1
16459,9013,19.2345218658447,-99.0901489257813,Iztapalapa 1
16500,9013,19.2457637786865,-99.0756454467773,Iztapalapa 1
16513,9013,19.2467555999756,-99.0753631591797,Iztapalapa 1
16514,9013,19.2537727355957,-99.0702896118164,Iztapalapa 1
16520,9013,19.2289047241211,-99.0874557495117,Iztapalapa 1
16530,9013,19.2396430969238,-99.0751419067383,Iztapalapa 1
16533,9013,19.245792388916,-99.0696868896484,Iztapalapa 1
16550,9013,19.2242832183838,-99.0936126708984,Iztapalapa 1
16600,9013,19.2531757354736,-99.055419921875,Iztapalapa 1
16604,9013,19.2524833679199,-99.0462799072266,Iztapalapa 1
16605,9013,19.2457904815674,-99.0525894165039,Iztapalapa 1
16606,9013,19.2482986450195,-99.0601959228516,Iztapalapa 1
16607,9013,19.2497539520264,-99.0626449584961,Iztapalapa 1
16609,9013,19.2538013458252,-99.0413055419922,Iztapalapa 1
16610,9013,19.2574424743652,-99.0381927490234,Iztapalapa 1
16614,9013,19.2508373260498,-99.040397644043,Iztapalapa 1
16615,9013,19.2519493103027,-99.045768737793,Iztapalapa 1
16616,9013,19.2533950805664,-99.0462951660156,Iztapalapa 1
16617,9013,19.2577342987061,-99.0428619384766,Iztapalapa 1
16620,9013,19.2511577606201,-99.0320663452148,Iztapalapa 1
16629,9013,19.2544822692871,-99.0344772338867,Iztapalapa 1
16630,9013,19.2572975158691,-99.0679626464844,Iztapalapa 1
16640,9013,19.2537269592285,-99.0661315917969,Iztapalapa 1
16710,9013,19.2604579925537,-99.0270614624023,Iztapalapa 1
16720,9013,19.2506999969482,-99.0288848876953,Iztapalapa 1
16739,9013,19.2568626403809,-99.0128784179688,Iztapalapa 1
16740,9013,19.2546405792236,-99.0141525268555,Iztapalapa 1
16749,9013,19.2592067718506,-99.0184326171875,Iztapalapa 1
16750,9013,19.2520961761475,-99.0093688964844,Iztapalapa 1
16770,9013,19.253698348999,-99.02099609375,Iztapalapa 1
16776,9013,19.2518081665039,-99.0227432250977,Iztapalapa 1
16780,9013,19.2466449737549,-99.0235443115234,Iztapalapa 1
16797,9013,19.2500114440918,-99.0090942382813,Iztapalapa 1
16799,9013,19.2423191070557,-99.0150375366211,Iztapalapa 1
16800,9013,19.2305316925049,-99.1182098388672,Iztapalapa 1
16810,9013,19.2266845703125,-99.1075134277344,Iztapalapa 1
16813,9013,19.2270107269287,-99.1090316772461,Iztapalapa 1
16840,9013,19.2235870361328,-99.1187210083008,Iztapalapa 1
16850,9013,19.22243309021,-99.1098709106445,Iztapalapa 1
16860,9013,19.2192363739014,-99.1220855712891,Iztapalapa 1
16880,9013,19.2187767028809,-99.0973510742188,Iztapalapa 1
16900,9013,19.1990795135498,-99.117317199707,Iztapalapa 1
54400,15060,19.6259117126465,-99.3169097900391,Cuautitlan
54402,15060,19.6112575531006,-99.3003234863281,Cuautitlan
54405,15060,19.6293697357178,-99.3053665161133,Cuautitlan
54407,15060,19.6416778564453,-99.3014755249023,Cuautitlan
54408,15060,19.6426239013672,-99.3129272460938,Cuautitlan
54409,15060,19.6327781677246,-99.3110046386719,Cuautitlan
54410,15060,19.6252269744873,-99.2948226928711,Cuautitlan
54413,15060,19.6224365234375,-99.3046722412109,Cuautitlan
54414,15060,19.6269149780273,-99.2987289428711,Cuautitlan
54416,15060,19.631290435791,-99.2826080322266,Cuautitlan
54417,15060,19.640064239502,-99.2947006225586,Cuautitlan
54420,15060,19.6168060302734,-99.3088760375977,Cuautitlan
54424,15060,19.5870418548584,-99.3332977294922,Cuautitlan
54425,15060,19.6118946075439,-99.3132476806641,Cuautitlan
54426,15060,19.6115474700928,-99.3297271728516,Cuautitlan
54430,15060,19.62522315979,-99.4152984619141,Cuautitlan
54434,15060,19.6225967407227,-99.3230972290039,Cuautitlan
54435,15060,19.6213874816895,-99.3270492553711,Cuautitlan
54439,15060,19.5746078491211,-99.4139556884766,Cuautitlan
54440,15060,19.6892547607422,-99.3570785522461,Cuautitlan
54448,15060,19.6841945648193,-99.375846862793,Cuautitlan
54449,15060,19.6577606201172,-99.383415222168,Cuautitlan
54455,15060,19.638111114502,-99.3426055908203,Cuautitlan
54457,15060,19.6316947937012,-99.3274307250977,Cuautitlan
54459,15060,19.6292877197266,-99.3365478515625,Cuautitlan
54460,15060,19.634126663208,-99.3535232543945,Cuautitlan
54463,15060,19.6085872650147,-99.3563079833984,Cuautitlan
54464,15060,19.6392688751221,-99.3779525756836,Cuautitlan
54466,15060,19.59157371521,-99.2838821411133,Cuautitlan
54467,15060,19.6005706787109,-99.2901382446289,Cuautitlan
54469,15060,19.5990200042725,-99.3117141723633,Cuautitlan
54470,15060,19.6190624237061,-99.2936706542969,Cuautitlan
54473,15060,19.5990142822266,-99.2736663818359,Cuautitlan
54474,15060,19.6032028198242,-99.2871780395508,Cuautitlan
54475,15060,19.6057662963867,-99.2928314208984,Cuautitlan
54476,15060,19.606351852417,-99.2686233520508,Cuautitlan
54477,15060,19.612943649292,-99.2920608520508,Cuautitlan
54539,15060,19.6203365325928,-99.3011474609375,Cuautitlan
54600,15095,19.7063388824463,-99.2520370483398,Cuautitlan
54602,15095,19.6970233917236,-99.2481536865234,Cuautitlan
54603,15095,19.7054958343506,-99.2333068847656,Cuautitlan
54604,15095,19.7293262481689,-99.2353439331055,Cuautitlan
54605,15095,19.7144889831543,-99.2128524780273,Cuautitlan
54607,15095,19.7340393066406,-99.2248916625977,Cuautitlan
54608,15095,19.7117652893066,-99.2295913696289,Cuautitlan
54610,15095,19.7216663360596,-99.2084732055664,Cuautitlan
54614,15095,19.7284736633301,-99.2002105712891,Cuautitlan
54616,15095,19.7321128845215,-99.2042999267578,Cuautitlan
54640,15095,19.6296405792236,-99.3371276855469,Cuautitlan
54645,15095,19.7078723907471,-99.2147369384766,Cuautitlan
54650,15095,19.6901016235352,-99.2718200683594,Cuautitlan
54655,15095,19.697566986084,-99.3389663696289,Cuautitlan
54656,15095,19.7293376922607,-99.3546829223633,Cuautitlan
54658,15095,19.7118721008301,-99.3308715820313,Cuautitlan
54680,15035,19.8313579559326,-99.2040710449219,Cuautitlan
54683,15035,19.8337345123291,-99.1889419555664,Cuautitlan
54684,15035,19.8246116638184,-99.1993026733398,Cuautitlan
54685,15035,19.827766418457,-99.209846496582,Cuautitlan
54687,15035,19.853120803833,-99.21240234375,Cuautitlan
54690,15035,19.7759437561035,-99.308723449707,Cuautitlan
54693,15035,19.853723526001,-99.2574996948242,Cuautitlan
54694,15035,19.8447761535645,-99.2339401245117,Cuautitlan
54696,15035,19.876350402832,-99.2100067138672,Cuautitlan
54697,15035,19.7881088256836,-99.2794876098633,Cuautitlan
54700,15121,19.6609916687012,-99.2099914550781,Cuautitlan
54710,15121,19.6778469085693,-99.2575988769531,Cuautitlan
54712,15121,19.6732330322266,-99.1943969726563,Cuautitlan
54713,15121,19.7156276702881,-99.1830139160156,Cuautitlan
54714,15121,19.6909656524658,-99.1782684326172,Cuautitlan
54715,15121,19.6873207092285,-99.2195129394531,Cuautitlan
54716,15121,19.6975917816162,-99.2036743164063,Cuautitlan
54719,15121,19.6978549957275,-99.2282409667969,Cuautitlan
54720,15121,19.6606960296631,-99.2489700317383,Cuautitlan
54725,15121,19.6676750183105,-99.2242813110352,Cuautitlan
54729,15121,19.681957244873,-99.2067108154297,Cuautitlan
54730,15121,19.6627235412598,-99.1925354003906,Cuautitlan
54740,15121,19.6460380554199,-99.2114410400391,Cuautitlan
54743,15121,19.6264610290527,-99.2094573974609,Cuautitlan
54744,15121,19.6272678375244,-99.2232131958008,Cuautitlan
54745,15121,19.6468448638916,-99.2461318969727,Cuautitlan
54750,15121,19.6381549835205,-99.1995620727539,Cuautitlan
54753,15121,19.6319065093994,-99.1987609863281,Cuautitlan
54759,15121,19.6492462158203,-99.1845169067383,Cuautitlan
54760,15121,19.6196193695068,-99.2341766357422,Cuautitlan
54763,15121,19.6183109283447,-99.2067337036133,Cuautitlan
54764,15121,19.5910015106201,-99.1928329467773,Cuautitlan
54765,15121,19.6124649047852,-99.2344360351563,Cuautitlan
54766,15121,19.6152305603027,-99.2708892822266,Cuautitlan
54767,15121,19.6201438903809,-99.213020324707,Cuautitlan
54769,15121,19.6008529663086,-99.1878890991211,Cuautitlan
54770,15091,19.7470016479492,-99.1830673217773,Cuautitlan
54783,15091,19.7503280639648,-99.1562805175781,Cuautitlan
54784,15091,19.7293701171875,-99.1583786010742,Cuautitlan
54785,15091,19.7311611175537,-99.1929931640625,Cuautitlan
54786,15091,19.7653636932373,-99.1957855224609,Cuautitlan
54800,15024,19.6666507720947,-99.1791076660156,Cuautitlan
54803,15024,19.6817722320557,-99.1553115844727,Cuautitlan
54804,15024,19.6786155700684,-99.1888122558594,Cuautitlan
54805,15024,19.6691837310791,-99.1830368041992,Cuautitlan
54807,15024,19.6683673858643,-99.1780853271484,Cuautitlan
54830,15024,19.7155647277832,-99.1586303710938,Cuautitlan
54831,15024,19.7253799438477,-99.1704330444336,Cuautitlan
54834,15024,19.7261905670166,-99.1900482177734,Cuautitlan
54840,15024,19.7047309875488,-99.1689453125,Cuautitlan
54850,15024,19.6750354766846,-99.1587905883789,Cuautitlan
54855,15024,19.6740951538086,-99.1606369018555,Cuautitlan
54857,15024,19.6687393188477,-99.1642456054688,Cuautitlan
54858,15024,19.6705017089844,-99.1692352294922,Cuautitlan
54860,15024,19.666467666626,-99.1586837768555,Cuautitlan
54870,15024,19.6777477264404,-99.1726226806641,Cuautitlan
54875,15024,19.6724338531494,-99.170280456543,Cuautitlan
54877,15024,19.6623954772949,-99.1709747314453,Cuautitlan
54878,15024,19.6569976806641,-99.1754913330078,Cuautitlan
54879,15024,19.6480751037598,-99.1813812255859,Cuautitlan
54880,15053,19.7008438110352,-99.1435699462891,Cuautitlan
54882,15053,19.7046775817871,-99.1392059326172,Cuautitlan
54883,15053,19.6949119567871,-99.1474304199219,Cuautitlan
54884,15053,19.7084922790527,-99.1498565673828,Cuautitlan
54890,15053,19.7173080444336,-99.1343078613281,Cuautitlan
54893,15053,19.7094383239746,-99.130615234375,Cuautitlan
54894,15053,19.7144203186035,-99.1244888305664,Cuautitlan
54900,15109,19.6445865631104,-99.1679077148438,Cuautitlan
54910,15109,19.6431064605713,-99.1324768066406,Cuautitlan
54913,15109,19.6242923736572,-99.1674880981445,Cuautitlan
54914,15109,19.6285762786865,-99.1720886230469,Cuautitlan
54915,15109,19.6278038024902,-99.1702423095703,Cuautitlan
54916,15109,19.6284656524658,-99.1581192016602,Cuautitlan
54918,15109,19.6329593658447,-99.1624603271484,Cuautitlan
54920,15109,19.6727695465088,-99.0749435424805,Cuautitlan
54924,15109,19.6656455993652,-99.0711517333984,Cuautitlan
54925,15109,19.667818069458,-99.0749053955078,Cuautitlan
54926,15109,19.6725196838379,-99.0770492553711,Cuautitlan
54927,15109,19.6780052185059,-99.0737991333008,Cuautitlan
54929,15109,19.6833438873291,-99.0754776000977,Cuautitlan
54930,15109,19.6597766876221,-99.0850143432617,Cuautitlan
54932,15109,19.6576175689697,-99.0743026733398,Cuautitlan
54933,15109,19.6706008911133,-99.0750122070313,Cuautitlan
54934,15109,19.6709098815918,-99.0779495239258,Cuautitlan
54935,15109,19.6879711151123,-99.0904846191406,Cuautitlan
54938,15109,19.6791763305664,-99.1081085205078,Cuautitlan
54939,15109,19.6673126220703,-99.111198425293,Cuautitlan
54940,15109,19.6146106719971,-99.1839065551758,Cuautitlan
54942,15109,19.6059322357178,-99.1697769165039,Cuautitlan
54943,15109,19.6099624633789,-99.1737899780273,Cuautitlan
54944,15109,19.610372543335,-99.1625366210938,Cuautitlan
54945,15109,19.5913715362549,-99.181884765625,Cuautitlan
54946,15109,19.610200881958,-99.183219909668,Cuautitlan
54948,15109,19.6155529022217,-99.1483688354492,Cuautitlan
54949,15109,19.6282749176025,-99.1379013061523,Cuautitlan
54950,15109,19.594181060791,-99.1730651855469,Cuautitlan
54954,15109,19.5796756744385,-99.1733779907227,Cuautitlan
54955,15109,19.589469909668,-99.1670837402344,Cuautitlan
54957,15109,19.5981273651123,-99.1578903198242,Cuautitlan
54958,15109,19.6050033569336,-99.1753616333008,Cuautitlan
54959,15109,19.6037635803223,-99.182487487793,Cuautitlan
54960,15108,19.6807804107666,-99.1409301757813,Cuautitlan
54962,15108,19.6796264648438,-99.1207733154297,Cuautitlan
54963,15108,19.678731918335,-99.1278381347656,Cuautitlan
54964,15108,19.6870632171631,-99.1328735351563,Cuautitlan
54965,15108,19.6923713684082,-99.1223907470703,Cuautitlan
54966,15108,19.6910495758057,-99.121452331543,Cuautitlan
54967,15108,19.6961231231689,-99.122673034668,Cuautitlan
54970,15108,19.695291519165,-99.107063293457,Cuautitlan
54972,15108,19.685338973999,-99.0799255371094,Cuautitlan
54974,15108,19.6898784637451,-99.1049728393555,Cuautitlan
54975,15108,19.6937580108643,-99.1159362792969,Cuautitlan
54976,15108,19.6909847259522,-99.1119842529297,Cuautitlan
54977,15108,19.6989784240723,-99.1008758544922,Cuautitlan
54980,15108,19.6610565185547,-99.1386795043945,Cuautitlan
54983,15108,19.6673069000244,-99.1220169067383,Cuautitlan
54984,15108,19.6693916320801,-99.1430053710938,Cuautitlan
54985,15108,19.6568775177002,-99.1096725463867,Cuautitlan
54986,15108,19.6561641693115,-99.1393814086914,Cuautitlan
54987,15108,19.6601829528809,-99.1119537353516,Cuautitlan
54990,15108,19.6590557098389,-99.1285781860352,Cuautitlan
55000,15033,19.6002502441406,-99.0467987060547,Cuautitlan
55010,15033,19.63205909729,-99.0686645507813,Cuautitlan
55014,15033,19.6162967681885,-99.0819931030273,Cuautitlan
55016,15033,19.6150360107422,-99.0700302124023,Cuautitlan
55017,15033,19.6124172210693,-99.0796508789063,Cuautitlan
55018,15033,19.6172885894775,-99.0765380859375,Cuautitlan
55020,15033,19.6040115356445,-99.0606002807617,Cuautitlan
55023,15033,19.6112537384033,-99.0305023193359,Cuautitlan
55024,15033,19.6100616455078,-99.0600204467773,Cuautitlan
55025,15033,19.6020565032959,-99.0389862060547,Cuautitlan
55027,15033,19.6204948425293,-99.0740661621094,Cuautitlan
55028,15033,19.6068248748779,-99.0675201416016,Cuautitlan
55029,15033,19.6556148529053,-99.0696792602539,Cuautitlan
55030,15033,19.5938262939453,-99.0501251220703,Cuautitlan
55036,15033,19.5898933410645,-99.0451812744141,Cuautitlan
55037,15033,19.5917530059814,-99.0461807250977,Cuautitlan
55038,15033,19.5940074920654,-99.052978515625,Cuautitlan
55039,15033,19.5989952087402,-99.052604675293,Cuautitlan
55040,15033,19.5913753509522,-99.0314788818359,Cuautitlan
55050,15033,19.6027317047119,-99.0237197875977,Cuautitlan
55055,15033,19.6113204956055,-99.0166854858398,Cuautitlan
55056,15033,19.6052875518799,-99.0228424072266,Cuautitlan
55057,15033,19.5958824157715,-99.0307388305664,Cuautitlan
55059,15033,19.5965404510498,-99.0313568115234,Cuautitlan
55060,15033,19.6180515289307,-99.0164031982422,Cuautitlan
55063,15033,19.6450347900391,-98.9790344238281,Cuautitlan
55064,15033,19.6187114715576,-98.9874420166016,Cuautitlan
55065,15033,19.6200942993164,-99.0007553100586,Cuautitlan
55066,15033,19.6303977966309,-98.9978790283203,Cuautitlan
55067,15033,19.6357917785645,-98.98193359375,Cuautitlan
55068,15033,19.63454246521,-99.0117797851563,Cuautitlan
55069,15033,19.644947052002,-99.0072021484375,Cuautitlan
55070,15033,19.5992012023926,-99.0060424804688,Cuautitlan
55074,15033,19.6105327606201,-98.9984970092773,Cuautitlan
55075,15033,19.5940284729004,-99.0248641967773,Cuautitlan
55076,15033,19.5886726379395,-99.0194091796875,Cuautitlan
55080,15033,19.5752716064453,-99.0496978759766,Cuautitlan
55084,15033,19.5762233734131,-99.0512084960938,Cuautitlan
55085,15033,19.5831832885742,-99.0490875244141,Cuautitlan
55087,15033,19.5813541412354,-99.0561904907227,Cuautitlan
55090,15033,19.5876331329346,-99.0386810302734,Cuautitlan
55094,15033,19.5919208526611,-99.0420989990234,Cuautitlan
55095,15033,19.5814456939697,-99.0258026123047,Cuautitlan
55100,15033,19.5580310821533,-99.0359573364258,Cuautitlan
55104,15033,19.5519638061523,-99.0215148925781,Cuautitlan
55105,15033,19.5653076171875,-99.0336990356445,Cuautitlan
55107,15033,19.5592479705811,-99.0276412963867,Cuautitlan
55114,15033,19.5615901947022,-99.0283889770508,Cuautitlan
55115,15033,19.5640029907227,-99.0194702148438,Cuautitlan
55117,15033,19.5628147125244,-99.01416015625,Cuautitlan
55118,15033,19.5679111480713,-99.0216598510742,Cuautitlan
55119,15033,19.5759544372559,-99.0227737426758,Cuautitlan
55120,15033,19.5368003845215,-99.0320053100586,Cuautitlan
55125,15033,19.5526008605957,-99.0171585083008,Cuautitlan
55126,15033,19.5308742523193,-99.015739440918,Cuautitlan
55127,15033,19.5394973754883,-99.0380249023438,Cuautitlan
55128,15033,19.5558471679688,-99.0149230957031,Cuautitlan
55129,15033,19.5459461212158,-99.0173645019531,Cuautitlan
55130,15033,19.5374240875244,-99.0392150878906,Cuautitlan
55135,15033,19.5270614624023,-99.0331802368164,Cuautitlan
55137,15033,19.5363426208496,-99.0413436889648,Cuautitlan
55138,15033,19.5340633392334,-99.0333099365234,Cuautitlan
55139,15033,19.5341949462891,-99.0385437011719,Cuautitlan
55140,15033,19.5267066955566,-99.0241241455078,Cuautitlan
55146,15033,19.5187301635742,-99.0246658325195,Cuautitlan
55147,15033,19.5228900909424,-99.0272674560547,Cuautitlan
55148,15033,19.524097442627,-99.0302200317383,Cuautitlan
55149,15033,19.5270977020264,-99.0291137695313,Cuautitlan
55158,15033,19.5248737335205,-99.0171279907227,Cuautitlan
55170,15033,19.5219612121582,-99.0222015380859,Cuautitlan
55176,15033,19.5265979766846,-99.0201416015625,Cuautitlan
55180,15033,19.5191879272461,-99.016731262207,Cuautitlan
55187,15033,19.5181732177734,-99.0197219848633,Cuautitlan
55188,15033,19.5215606689453,-99.0185165405273,Cuautitlan
55189,15033,19.5207500457764,-99.0160446166992,Cuautitlan
55190,15033,19.5140018463135,-99.0175247192383,Cuautitlan
55200,15033,19.5223178863525,-99.0453491210938,Cuautitlan
55210,15033,19.5217456817627,-99.0550079345703,Cuautitlan
55218,15033,19.5184001922607,-99.0547485351563,Cuautitlan
55220,15033,19.5192031860352,-99.0570068359375,Cuautitlan
55230,15033,19.4913024902344,-99.0159072875977,Cuautitlan
55234,15033,19.4883594512939,-99.0236511230469,Cuautitlan
55235,15033,19.4905185699463,-99.0242385864258,Cuautitlan
55236,15033,19.4924621582031,-99.0218048095703,Cuautitlan
55237,15033,19.4967021942139,-99.0241775512695,Cuautitlan
55238,15033,19.4990730285645,-99.0253143310547,Cuautitlan
55240,15033,19.5137939453125,-99.0333557128906,Cuautitlan
55242,15033,19.5064105987549,-99.0322189331055,Cuautitlan
55243,15033,19.5043926239014,-99.0333633422852,Cuautitlan
55244,15033,19.5054664611816,-99.0323486328125,Cuautitlan
55245,15033,19.50634765625,-99.0288162231445,Cuautitlan
55246,15033,19.5095233917236,-99.0322647094727,Cuautitlan
55247,15033,19.5075798034668,-99.0283432006836,Cuautitlan
55248,15033,19.5166034698486,-99.0317077636719,Cuautitlan
55249,15033,19.5127868652344,-99.0257568359375,Cuautitlan
55260,15033,19.5062236785889,-99.0204162597656,Cuautitlan
55264,15033,19.499755859375,-99.0157470703125,Cuautitlan
55266,15033,19.5039482116699,-99.0255966186523,Cuautitlan
55267,15033,19.5065536499023,-99.0251693725586,Cuautitlan
55268,15033,19.5133438110352,-99.0214767456055,Cuautitlan
55269,15033,19.5118923187256,-99.0184860229492,Cuautitlan
55270,15033,19.510124206543,-99.0546188354492,Cuautitlan
55280,15033,19.4919757843018,-99.0392761230469,Cuautitlan
55284,15033,19.489294052124,-99.0392379760742,Cuautitlan
55287,15033,19.5007495880127,-99.0312423706055,Cuautitlan
55288,15033,19.5019931793213,-99.0342102050781,Cuautitlan
55289,15033,19.5033378601074,-99.036003112793,Cuautitlan
55290,15033,19.494987487793,-99.0291061401367,Cuautitlan
55294,15033,19.493501663208,-99.0378570556641,Cuautitlan
55295,15033,19.4885272979736,-99.0364685058594,Cuautitlan
55296,15033,19.4880828857422,-99.0311508178711,Cuautitlan
55297,15033,19.490348815918,-99.0309906005859,Cuautitlan
55298,15033,19.4933471679688,-99.0296630859375,Cuautitlan
55299,15033,19.4996681213379,-99.0280685424805,Cuautitlan
55300,15033,19.5413913726807,-99.0868377685547,Cuautitlan
55308,15033,19.5449142456055,-99.08154296875,Cuautitlan
55310,15033,19.5313949584961,-99.074951171875,Cuautitlan
55316,15033,19.5466918945313,-99.0761642456055,Cuautitlan
55317,15033,19.5375804901123,-99.085205078125,Cuautitlan
55320,15033,19.5254821777344,-99.0645065307617,Cuautitlan
55330,15033,19.5237083435059,-99.0626602172852,Cuautitlan
55338,15033,19.5274028778076,-99.0532531738281,Cuautitlan
55339,15033,19.5209465026855,-99.0624618530273,Cuautitlan
55340,15033,19.5189037322998,-99.0702209472656,Cuautitlan
55347,15033,19.5121154785156,-99.0752105712891,Cuautitlan
55348,15033,19.515645980835,-99.0812301635742,Cuautitlan
55349,15033,19.521520614624,-99.0863647460938,Cuautitlan
55360,15033,19.513542175293,-99.0741653442383,Cuautitlan
55369,15033,19.5074024200439,-99.0769119262695,Cuautitlan
55390,15033,19.5088272094727,-99.0827713012695,Cuautitlan
55400,15033,19.5686283111572,-99.0343246459961,Cuautitlan
55404,15033,19.5702590942383,-99.0354919433594,Cuautitlan
55405,15033,19.5583667755127,-99.0433654785156,Cuautitlan
55407,15033,19.5725040435791,-99.0467300415039,Cuautitlan
55410,15033,19.5779666900635,-99.0599899291992,Cuautitlan
55414,15033,19.5698184967041,-99.0643920898438,Cuautitlan
55415,15033,19.576343536377,-99.0639572143555,Cuautitlan
55416,15033,19.5607891082764,-99.0572738647461,Cuautitlan
55417,15033,19.5724258422852,-99.0529861450195,Cuautitlan
55418,15033,19.5730209350586,-99.0590515136719,Cuautitlan
55419,15033,19.5661354064941,-99.0549697875977,Cuautitlan
55420,15033,19.5548896789551,-99.0467758178711,Cuautitlan
55425,15033,19.5467987060547,-99.0603790283203,Cuautitlan
55429,15033,19.5506744384766,-99.0613861083984,Cuautitlan
55430,15033,19.5545215606689,-99.037467956543,Cuautitlan
55450,15033,19.5454368591309,-99.0473251342773,Cuautitlan
55458,15033,19.5529346466064,-99.0372848510742,Cuautitlan
55459,15033,19.5529270172119,-99.0352554321289,Cuautitlan
55490,15033,19.5307426452637,-99.0493698120117,Cuautitlan
55498,15033,19.5382404327393,-99.0454406738281,Cuautitlan
55500,15033,19.5600032806397,-99.0508728027344,Cuautitlan
55506,15033,19.5552043914795,-99.0675811767578,Cuautitlan
55507,15033,19.5599575042725,-99.0661926269531,Cuautitlan
55508,15033,19.5600776672363,-99.0708770751953,Cuautitlan
55509,15033,19.5654964447022,-99.0693740844727,Cuautitlan
55510,15033,19.5496997833252,-99.0800247192383,Cuautitlan
55515,15033,19.5610160827637,-99.0856018066406,Cuautitlan
55516,15033,19.5553169250488,-99.0810546875,Cuautitlan
55517,15033,19.5553684234619,-99.0833511352539,Cuautitlan
55518,15033,19.5601787567139,-99.0927047729492,Cuautitlan
55519,15033,19.5691051483154,-99.0927124023438,Cuautitlan
55520,15033,19.5529022216797,-99.0743408203125,Cuautitlan
55530,15033,19.5458202362061,-99.0669403076172,Cuautitlan
55540,15033,19.5391883850098,-99.06787109375,Cuautitlan
55547,15033,19.5323505401611,-99.061164855957,Cuautitlan
55548,15033,19.5448951721191,-99.0592651367188,Cuautitlan
55549,15033,19.5437812805176,-99.0619888305664,Cuautitlan
55600,15120,19.7980079650879,-99.1003494262695,Cuautitlan
55603,15120,19.8036403656006,-99.0890502929688,Cuautitlan
55604,15120,19.7999172210693,-99.0742645263672,Cuautitlan
55605,15120,19.7797966003418,-99.0919418334961,Cuautitlan
55606,15120,19.7803039550781,-99.101188659668,Cuautitlan
55607,15120,19.7959232330322,-99.0571899414063,Cuautitlan
55609,15120,19.7808666229248,-99.1119537353516,Cuautitlan
55610,15120,19.8607177734375,-99.0817184448242,Cuautitlan
55613,15120,19.8592338562012,-99.1142196655273,Cuautitlan
55614,15120,19.8314456939697,-99.0823440551758,Cuautitlan
55615,15120,19.8089580535889,-99.1048965454102,Cuautitlan
55616,15120,19.8193626403809,-99.0973663330078,Cuautitlan
55619,15120,19.8427124023438,-99.1069793701172,Cuautitlan
55620,15120,19.8089275360107,-99.1625671386719,Cuautitlan
55628,15120,19.8068428039551,-99.140510559082,Cuautitlan
55629,15120,19.8250560760498,-99.1346664428711,Cuautitlan
55630,15120,19.8157577514648,-99.00537109375,Cuautitlan
55634,15120,19.773853302002,-99.0212860107422,Cuautitlan
55635,15120,19.8112049102783,-99.0403060913086,Cuautitlan
55636,15120,19.7703323364258,-99.0524673461914,Cuautitlan
55637,15120,19.8192005157471,-99.0507202148438,Cuautitlan
55640,15120,19.7568607330322,-98.9856567382813,Cuautitlan
55643,15120,19.8145446777344,-99.081298828125,Cuautitlan
55644,15120,19.8141803741455,-99.0208969116211,Cuautitlan
55646,15120,19.7776222229004,-99.1015014648438,Cuautitlan
55700,15020,19.6339473724365,-99.1122131347656,Cuautitlan
55705,15020,19.6230716705322,-99.10498046875,Cuautitlan
55707,15020,19.6260719299316,-99.1152038574219,Cuautitlan
55708,15020,19.627082824707,-99.1057357788086,Cuautitlan
55709,15020,19.6269989013672,-99.1015548706055,Cuautitlan
55710,15020,19.647289276123,-99.0924835205078,Cuautitlan
55712,15020,19.6599292755127,-99.0996856689453,Cuautitlan
55713,15020,19.6309833526611,-99.0773773193359,Cuautitlan
55714,15020,19.6376457214355,-99.0854644775391,Cuautitlan
55715,15020,19.6332263946533,-99.0888366699219,Cuautitlan
55716,15020,19.6355648040772,-99.09375,Cuautitlan
55717,15020,19.6485958099365,-99.1208343505859,Cuautitlan
55718,15020,19.6400661468506,-99.0755996704102,Cuautitlan
55719,15020,19.6459903717041,-99.0873107910156,Cuautitlan
55720,15020,19.6127681732178,-99.0882949829102,Cuautitlan
55726,15020,19.6275024414063,-99.0894317626953,Cuautitlan
55728,15020,19.624547958374,-99.0870742797852,Cuautitlan
55729,15020,19.6252059936523,-99.0811004638672,Cuautitlan
55730,15020,19.6303234100342,-99.0931015014648,Cuautitlan
55736,15020,19.621431350708,-99.1204147338867,Cuautitlan
55737,15020,19.6192150115967,-99.1003646850586,Cuautitlan
55738,15020,19.6255664825439,-99.0977172851563,Cuautitlan
55739,15020,19.6253833770752,-99.0943222045898,Cuautitlan
55740,15081,19.7132740020752,-98.9674606323242,Cuautitlan
55743,15081,19.7195320129395,-98.9640808105469,Cuautitlan
55744,15081,19.7565460205078,-98.9609603881836,Cuautitlan
55745,15081,19.7514381408691,-98.9501113891602,Cuautitlan
55746,15081,19.7011413574219,-98.9417266845703,Cuautitlan
55747,15081,19.6733493804932,-98.9613418579102,Cuautitlan
55748,15081,19.6871528625488,-98.9657287597656,Cuautitlan
55749,15081,19.6928043365479,-98.9812545776367,Cuautitlan
55750,15081,19.7670421600342,-98.9629211425781,Cuautitlan
55752,15081,19.7728881835938,-99.0190887451172,Cuautitlan
55754,15081,19.7668495178223,-98.9527053833008,Cuautitlan
55755,15081,19.7729949951172,-98.9819259643555,Cuautitlan
55757,15081,19.7859497070313,-99.0013732910156,Cuautitlan
55758,15081,19.7952842712402,-98.9776992797852,Cuautitlan
55760,15081,19.6828689575195,-99.0005950927734,Cuautitlan
55763,15081,19.6282176971436,-99.0218200683594,Cuautitlan
55764,15081,19.6413764953613,-99.020881652832,Cuautitlan
55765,15081,19.6562232971191,-98.9961166381836,Cuautitlan
55766,15081,19.6733779907227,-99.0025634765625,Cuautitlan
55767,15081,19.6605625152588,-99.0087890625,Cuautitlan
55768,15081,19.681978225708,-98.9813003540039,Cuautitlan
55769,15081,19.6858596801758,-98.9878234863281,Cuautitlan
55770,15081,19.6776905059814,-99.0267562866211,Cuautitlan
55773,15081,19.6935234069824,-99.0108184814453,Cuautitlan
55776,15081,19.6760921478272,-99.0063247680664,Cuautitlan
55778,15081,19.68821144104,-99.0404968261719,Cuautitlan
55790,15059,19.7243385314941,-99.0543899536133,Cuautitlan
55793,15059,19.7397060394287,-99.0731430053711,Cuautitlan
55794,15059,19.702054977417,-99.0472030639648,Cuautitlan
55795,15059,19.749584197998,-99.1164016723633,Cuautitlan
55796,15059,19.7008743286133,-99.0730209350586,Cuautitlan
55797,15059,19.7380313873291,-99.0917587280273,Cuautitlan
55799,15059,19.7600250244141,-99.0456848144531,Cuautitlan
56030,15028,19.5465049743652,-98.8793640136719,Texcoco
56033,15028,19.5687713623047,-98.8878784179688,Texcoco
56034,15028,19.5752201080322,-98.887825012207,Texcoco
56035,15028,19.5919170379639,-98.8927764892578,Texcoco
56036,15028,19.5630035400391,-98.8754577636719,Texcoco
56037,15028,19.5522937774658,-98.869384765625,Texcoco
56038,15028,19.54221534729,-98.8764114379883,Texcoco
56040,15028,19.5693016052246,-98.8675384521484,Texcoco
56100,15099,19.5148162841797,-98.8822479248047,Texcoco
56103,15099,19.5117321014404,-98.878173828125,Texcoco
56105,15099,19.510046005249,-98.8866653442383,Texcoco
56106,15099,19.5158863067627,-98.8939971923828,Texcoco
56110,15099,19.5195178985596,-98.881217956543,Texcoco
56120,15099,19.5146026611328,-98.8753890991211,Texcoco
56130,15099,19.5081653594971,-98.8716506958008,Texcoco
56140,15099,19.5056915283203,-98.8817596435547,Texcoco
56150,15099,19.5019359588623,-98.8946762084961,Texcoco
56160,15099,19.5132846832275,-98.8910598754883,Texcoco
56170,15099,19.5198802947998,-98.885139465332,Texcoco
56200,15099,19.528959274292,-98.8997421264648,Texcoco
56203,15099,19.5330181121826,-98.9116134643555,Texcoco
56204,15099,19.5355377197266,-98.8874435424805,Texcoco
56205,15099,19.5126266479492,-98.903564453125,Texcoco
56207,15099,19.5128421783447,-98.9183578491211,Texcoco
56208,15099,19.5192642211914,-98.9052200317383,Texcoco
56210,15099,19.5362854003906,-98.8696517944336,Texcoco
56213,15099,19.540994644165,-98.8619689941406,Texcoco
56214,15099,19.5482006072998,-98.8586502075195,Texcoco
56215,15099,19.5481643676758,-98.8646697998047,Texcoco
56216,15099,19.5331192016602,-98.8606948852539,Texcoco
56217,15099,19.5328330993652,-98.8766784667969,Texcoco
56220,15099,19.4827423095703,-98.8644943237305,Texcoco
56223,15099,19.4880905151367,-98.866081237793,Texcoco
56224,15099,19.4811115264893,-98.8374862670898,Texcoco
56225,15099,19.4756908416748,-98.8828659057617,Texcoco
56226,15099,19.4761390686035,-98.8774795532227,Texcoco
56227,15099,19.4854927062988,-98.8749008178711,Texcoco
56230,15099,19.4970836639404,-98.8671340942383,Texcoco
56233,15099,19.5096435546875,-98.8488693237305,Texcoco
56235,15099,19.5090923309326,-98.851448059082,Texcoco
56236,15099,19.5193748474121,-98.845588684082,Texcoco
56237,15099,19.5338764190674,-98.8474578857422,Texcoco
56240,15099,19.5315952301025,-98.8257675170898,Texcoco
56243,15099,19.5502967834473,-98.7993392944336,Texcoco
56244,15099,19.517599105835,-98.759407043457,Texcoco
56245,15099,19.4817276000977,-98.7726058959961,Texcoco
56246,15099,19.4738388061523,-98.8128509521484,Texcoco
56247,15099,19.5103569030762,-98.8163528442383,Texcoco
56250,15099,19.4514236450195,-98.8738784790039,Texcoco
56253,15099,19.4564018249512,-98.8528671264648,Texcoco
56254,15099,19.442476272583,-98.8751525878906,Texcoco
56255,15099,19.4345626831055,-98.9037551879883,Texcoco
56256,15099,19.4448146820068,-98.9029541015625,Texcoco
56257,15099,19.4588794708252,-98.875373840332,Texcoco
56260,15099,19.4765071868897,-98.9022369384766,Texcoco
56263,15099,19.4941711425781,-98.9033584594727,Texcoco
56264,15099,19.4586219787598,-98.9054107666016,Texcoco
56265,15099,19.4401397705078,-98.9104919433594,Texcoco
56266,15099,19.4308853149414,-98.9127502441406,Texcoco
56267,15099,19.5199546813965,-98.9168930053711,Texcoco
56268,15099,23.9335918426514,-102.5096969604492,Texcoco
56300,15011,19.5576343536377,-98.9138565063477,Texcoco
56303,15011,19.5661926269531,-98.9135360717773,Texcoco
56304,15011,19.5488452911377,-98.9039611816406,Texcoco
56305,15011,19.5614166259766,-98.9256820678711,Texcoco
56306,15011,19.5860652923584,-98.9346008300781,Texcoco
56310,15011,19.5900192260742,-98.9607162475586,Texcoco
56314,15011,19.5845336914063,-98.9424819946289,Texcoco
56315,15011,19.5819187164307,-98.9297485351563,Texcoco
56330,15031,19.4156227111816,-98.9433822631836,Texcoco
56333,15031,19.4516639709473,-98.937385559082,Texcoco
56334,15031,19.4375534057617,-98.9541549682617,Texcoco
56335,15031,19.4296360015869,-98.9355926513672,Texcoco
56337,15031,19.4069404602051,-98.9505920410156,Texcoco
56338,15031,19.3969669342041,-98.9255599975586,Texcoco
56340,15031,19.3971195220947,-98.9749755859375,Texcoco
56343,15031,19.3899402618408,-98.9576568603516,Texcoco
56344,15031,19.3914089202881,-98.9691772460938,Texcoco
56346,15031,19.4109878540039,-98.9837265014648,Texcoco
56350,15031,19.4131946563721,-98.9741973876953,Texcoco
56353,15031,19.4176769256592,-98.9790954589844,Texcoco
56356,15031,19.4281711578369,-98.9700241088867,Texcoco
56360,15031,19.4228839874268,-98.9670562744141,Texcoco
56363,15031,19.4339199066162,-98.9684982299805,Texcoco
56366,15031,19.4356231689453,-98.9631118774414,Texcoco
56370,15029,19.4142761230469,-98.9035568237305,Texcoco
56373,15029,19.4241886138916,-98.8962326049805,Texcoco
56375,15029,19.4168834686279,-98.9216613769531,Texcoco
56376,15029,19.4045314788818,-98.9080200195313,Texcoco
56377,15029,19.4112548828125,-98.9177627563477,Texcoco
56380,15029,19.4160060882568,-98.8864440917969,Texcoco
56383,15029,19.427396774292,-98.8828887939453,Texcoco
56384,15029,19.4216175079346,-98.8713531494141,Texcoco
56386,15029,19.4075832366943,-98.8796081542969,Texcoco
56387,15029,19.3995513916016,-98.8707275390625,Texcoco
56390,15029,19.4035816192627,-98.9268188476563,Texcoco
56396,15029,19.4035243988037,-98.8925476074219,Texcoco
56400,15070,19.3523540496826,-98.9825286865234,Nezahualcoyotl
56410,15070,19.3683662414551,-98.9662094116211,Nezahualcoyotl
56420,15070,19.3658103942871,-98.9861145019531,Nezahualcoyotl
56428,15070,19.3624687194824,-98.9916763305664,Nezahualcoyotl
56429,15070,19.3639640808105,-98.9840087890625,Nezahualcoyotl
56430,15070,19.3661670684814,-98.9740753173828,Nezahualcoyotl
56440,15070,19.3617134094238,-98.9650497436523,Nezahualcoyotl
56490,15070,19.3432159423828,-98.9784393310547,Nezahualcoyotl
56495,15070,19.3440952301025,-98.9638595581055,Nezahualcoyotl
56500,15070,19.3590621948242,-98.9578094482422,Nezahualcoyotl
56505,15070,19.3575687408447,-98.9615783691406,Nezahualcoyotl
56507,15070,19.347448348999,-98.947639465332,Nezahualcoyotl
56508,15070,19.3565807342529,-98.9500885009766,Nezahualcoyotl
56509,15070,19.3444595336914,-98.9610824584961,Nezahualcoyotl
56510,15070,19.3725929260254,-98.9404067993164,Nezahualcoyotl
56512,15070,19.3671474456787,-98.9340133666992,Nezahualcoyotl
56513,15070,19.3739337921143,-98.9336242675781,Nezahualcoyotl
56514,15070,19.3616809844971,-98.9437866210938,Nezahualcoyotl
56515,15070,19.3816776275635,-98.93701171875,Nezahualcoyotl
56516,15070,19.3385334014893,-98.9457778930664,Nezahualcoyotl
56520,15070,19.382194519043,-98.9541473388672,Nezahualcoyotl
56524,15070,19.3623542785645,-98.9589004516602,Nezahualcoyotl
56525,15070,19.3728885650635,-98.9479370117188,Nezahualcoyotl
56526,15070,19.3766384124756,-98.9540405273438,Nezahualcoyotl
56527,15070,19.3817901611328,-98.9462432861328,Nezahualcoyotl
56528,15070,19.3833637237549,-98.9473495483398,Nezahualcoyotl
56529,15070,19.3808135986328,-98.9413604736328,Nezahualcoyotl
56600,15025,19.2556705474854,-98.8958511352539,Nezahualcoyotl
56604,15025,19.2695751190186,-98.8965835571289,Nezahualcoyotl
56605,15025,19.2859668731689,-98.8956298828125,Nezahualcoyotl
56606,15025,19.2841396331787,-98.9097671508789,Nezahualcoyotl
56607,15025,19.2596626281738,-98.9105834960938,Nezahualcoyotl
56608,15025,19.2804641723633,-98.8846206665039,Nezahualcoyotl
56609,15025,19.2786502838135,-98.8817672729492,Nezahualcoyotl
56610,15122,19.2805233001709,-98.9463043212891,Nezahualcoyotl
56613,15122,19.2711906433105,-98.9521636962891,Nezahualcoyotl
56614,15122,19.2730979919434,-98.9322509765625,Nezahualcoyotl
56615,15122,19.30029296875,-98.9475479125977,Nezahualcoyotl
56616,15122,19.275333404541,-98.9267044067383,Nezahualcoyotl
56617,15122,19.2893333435059,-98.9270095825195,Nezahualcoyotl
56618,15122,19.3243198394775,-98.9510955810547,Nezahualcoyotl
56619,15122,19.3107070922852,-98.9540176391602,Nezahualcoyotl
56620,15025,19.2186641693115,-98.9083023071289,Nezahualcoyotl
56623,15025,19.2072906494141,-98.9347839355469,Nezahualcoyotl
56624,15025,19.206470489502,-98.9587860107422,Nezahualcoyotl
56625,15025,19.2263240814209,-98.924674987793,Nezahualcoyotl
56640,15025,19.2593021392822,-98.8581924438477,Nezahualcoyotl
56641,15025,19.2368965148926,-98.8468856811523,Nezahualcoyotl
56642,15025,19.2687892913818,-98.8630828857422,Nezahualcoyotl
56643,15025,19.2965488433838,-98.8651733398438,Nezahualcoyotl
56644,15025,19.2754364013672,-98.8297729492188,Nezahualcoyotl
56646,15025,19.2593879699707,-98.824333190918,Nezahualcoyotl
56647,15025,19.2267436981201,-98.8156890869141,Nezahualcoyotl
57000,15058,19.3943309783936,-98.9916076660156,Nezahualcoyotl
57100,15058,19.4912147521973,-99.053092956543,Nezahualcoyotl
57103,15058,19.4173049926758,-98.9993209838867,Nezahualcoyotl
57120,15058,19.4823875427246,-99.0586547851563,Nezahualcoyotl
57129,15058,19.4796695709229,-99.0595855712891,Nezahualcoyotl
57130,15058,19.4835338592529,-99.0453033447266,Nezahualcoyotl
57138,15058,19.4725742340088,-99.0365524291992,Nezahualcoyotl
57139,15058,19.4815845489502,-99.0346374511719,Nezahualcoyotl
57140,15058,19.4786911010742,-99.0585556030273,Nezahualcoyotl
57150,15058,19.4739570617676,-99.05908203125,Nezahualcoyotl
57158,15058,19.468864440918,-99.0579071044922,Nezahualcoyotl
57170,15058,19.4700946807861,-99.0502700805664,Nezahualcoyotl
57171,15058,19.4763622283936,-99.0418548583984,Nezahualcoyotl
57178,15058,19.4713306427002,-99.0419082641602,Nezahualcoyotl
57179,15058,19.4692287445068,-99.0460891723633,Nezahualcoyotl
57180,15058,19.4578685760498,-99.0492630004883,Nezahualcoyotl
57185,15058,19.4519538879395,-99.0498199462891,Nezahualcoyotl
57188,15058,19.4591579437256,-99.0546646118164,Nezahualcoyotl
57189,15058,19.4549560546875,-99.0524063110352,Nezahualcoyotl
57200,15058,19.4323711395264,-99.0397720336914,Nezahualcoyotl
57205,15058,19.4235420227051,-99.0153884887695,Nezahualcoyotl
57210,15058,19.4240970611572,-99.0465393066406,Nezahualcoyotl
57300,15058,19.419132232666,-99.0326309204102,Nezahualcoyotl
57310,15058,19.4151668548584,-99.0242538452148,Nezahualcoyotl
57400,15058,19.4190006256104,-99.0548858642578,Nezahualcoyotl
57410,15058,19.4170551300049,-99.0510101318359,Nezahualcoyotl
57420,15058,19.4123439788818,-99.0534744262695,Nezahualcoyotl
57425,15058,19.4105949401855,-99.056770324707,Nezahualcoyotl
57430,15058,19.4121570587158,-99.0556030273438,Nezahualcoyotl
57440,15058,19.4109497070313,-99.047721862793,Nezahualcoyotl
57450,15058,19.4089622497559,-99.0532684326172,Nezahualcoyotl
57460,15058,19.401050567627,-99.0517883300781,Nezahualcoyotl
57465,15058,19.3983821868897,-99.0508422851563,Nezahualcoyotl
57500,15058,19.4125556945801,-99.0414657592773,Nezahualcoyotl
57510,15058,19.4070796966553,-99.0250930786133,Nezahualcoyotl
57520,15058,19.4053287506104,-99.0314102172852,Nezahualcoyotl
57530,15058,19.4017066955566,-99.0308609008789,Nezahualcoyotl
57600,15058,19.4045085906982,-99.0351486206055,Nezahualcoyotl
57610,15058,19.4014701843262,-99.0464019775391,Nezahualcoyotl
57620,15058,19.4051990509033,-99.0424652099609,Nezahualcoyotl
57630,15058,19.3978328704834,-99.040885925293,Nezahualcoyotl
57700,15058,19.4005718231201,-99.021728515625,Nezahualcoyotl
57708,15058,19.4044780731201,-99.0265808105469,Nezahualcoyotl
57709,15058,19.4028587341309,-99.0161895751953,Nezahualcoyotl
57710,15058,19.3876419067383,-99.0076217651367,Nezahualcoyotl
57718,15058,19.38547706604,-99.0031661987305,Nezahualcoyotl
57719,15058,19.3867282867432,-99.0139236450195,Nezahualcoyotl
57720,15058,19.3979930877686,-99.0383834838867,Nezahualcoyotl
57730,15058,19.3953609466553,-99.0353851318359,Nezahualcoyotl
57739,15058,19.3907794952393,-99.0358123779297,Nezahualcoyotl
57740,15058,19.3961124420166,-99.0280990600586,Nezahualcoyotl
57750,15058,19.3883590698242,-99.0189361572266,Nezahualcoyotl
57760,15058,19.3952102661133,-99.0125579833984,Nezahualcoyotl
57800,15058,19.3973484039307,-98.9875259399414,Nezahualcoyotl
57809,15058,19.4004955291748,-98.9844589233398,Nezahualcoyotl
57810,15058,19.3873310089111,-98.978645324707,Nezahualcoyotl
57819,15058,19.3892555236816,-98.9802780151367,Nezahualcoyotl
57820,15058,19.3853340148926,-98.9978637695313,Nezahualcoyotl
57830,15058,19.3862476348877,-98.9885406494141,Nezahualcoyotl
57840,15058,19.3742427825928,-98.9812698364258,Nezahualcoyotl
57849,15058,19.3750972747803,-98.9786605834961,Nezahualcoyotl
57900,15058,19.3823051452637,-99.0019912719727,Nezahualcoyotl
57910,15058,19.3769645690918,-98.9965057373047,Nezahualcoyotl
57920,15058,19.3792266845703,-98.9939117431641,Nezahualcoyotl
57930,15058,19.377384185791,-98.99267578125,Nezahualcoyotl
57940,15058,19.3725872039795,-98.9903030395508,Nezahualcoyotl
57950,15058,19.3799171447754,-98.9970321655273,Nezahualcoyotl
72000,21114,19.048656463623,-98.1904602050781,Puebla
72010,21114,19.0802097320557,-98.2032012939453,Puebla
72013,21114,19.0963745117188,-98.193733215332,Puebla
72014,21114,19.0867080688477,-98.2023696899414,Puebla
72015,21114,19.0880680084229,-98.1999053955078,Puebla
72016,21114,19.0864353179932,-98.1843872070313,Puebla
72017,21114,19.0870418548584,-98.1768264770508,Puebla
72019,21114,19.0943946838379,-98.188362121582,Puebla
72020,21114,19.0839328765869,-98.2244338989258,Puebla
72023,21114,19.0784721374512,-98.224983215332,Puebla
72029,21114,19.0848522186279,-98.2303695678711,Puebla
72030,21114,19.0853137969971,-98.2116012573242,Puebla
72040,21114,19.0787811279297,-98.2150421142578,Puebla
72044,21114,19.0743827819824,-98.208366394043,Puebla
72045,21114,19.0749454498291,-98.2055969238281,Puebla
72050,21114,19.0711650848389,-98.2000350952148,Puebla
72060,21114,19.0710868835449,-98.2213516235352,Puebla
72062,21114,19.0737266540527,-98.2272262573242,Puebla
72070,21114,19.0659656524658,-98.2108459472656,Puebla
72072,21114,19.0461845397949,-98.1716232299805,Puebla
72080,21114,19.0708160400391,-98.1930618286133,Puebla
72089,21114,19.057954788208,-98.1996231079102,Puebla
72090,21114,19.0631256103516,-98.2178115844727,Puebla
72094,21114,19.0593433380127,-98.2063522338867,Puebla
72100,21114,19.1039161682129,-98.2213134765625,Puebla
72103,21114,19.10520362854,-98.2087707519531,Puebla
72104,21114,19.1015243530273,-98.2348098754883,Puebla
72105,21114,19.0857467651367,-98.2446823120117,Puebla
72106,21114,19.1126861572266,-98.2127151489258,Puebla
72108,21114,19.129280090332,-98.2151489257813,Puebla
72110,21114,19.0952472686768,-98.2309951782227,Puebla
72114,21114,19.0844802856445,-98.2368698120117,Puebla
72115,21114,19.0910549163818,-98.2411346435547,Puebla
72116,21114,19.0924797058105,-98.23193359375,Puebla
72120,21114,19.0765857696533,-98.2461929321289,Puebla
72124,21114,19.0700931549072,-98.2418746948242,Puebla
72127,21114,19.0825748443604,-98.2499923706055,Puebla
72130,21114,19.0727787017822,-98.2366409301758,Puebla
72135,21114,19.0784378051758,-98.2331924438477,Puebla
72140,21114,19.0567665100098,-98.2188873291016,Puebla
72150,21114,19.0708656311035,-98.2556991577148,Puebla
72154,21114,19.0474472045898,-98.2517547607422,Puebla
72160,21114,19.0553169250488,-98.2386016845703,Puebla
72170,21114,19.0681018829346,-98.2559356689453,Puebla
72176,21114,19.0435695648193,-98.2525024414063,Puebla
72180,21114,19.0464763641357,-98.2379608154297,Puebla
72189,21114,19.0535068511963,-98.2330474853516,Puebla
72190,21114,19.0263595581055,-98.2458038330078,Puebla
72193,21114,19.03000831604,-98.2286071777344,Puebla
72194,21114,19.0368900299072,-98.240119934082,Puebla
72197,21114,19.0353755950928,-98.2493438720703,Puebla
72200,21114,19.0804767608643,-98.1806182861328,Puebla
72210,21114,19.0792827606201,-98.1723098754883,Puebla
72219,21114,19.1006946563721,-98.1582641601563,Puebla
72220,21114,19.0740261077881,-98.1693954467773,Puebla
72223,21114,19.0784168243408,-98.1846008300781,Puebla
72225,21114,19.0726432800293,-98.1459350585938,Puebla
72227,21114,19.085334777832,-98.1275405883789,Puebla
72228,21114,19.0853595733643,-98.1628265380859,Puebla
72229,21114,19.0893287658691,-98.1029434204102,Puebla
72230,21114,19.070520401001,-98.1888046264648,Puebla
72240,21114,19.0674819946289,-98.1740798950195,Puebla
72243,21114,19.067346572876,-98.1888046264648,Puebla
72250,21114,19.057107925415,-98.1656723022461,Puebla
72260,21114,19.0565414428711,-98.1923217773438,Puebla
72266,21114,19.0626983642578,-98.1817169189453,Puebla
72267,21114,19.0631408691406,-98.1764297485352,Puebla
72270,21114,19.0529823303223,-98.1772308349609,Puebla
72280,21114,19.0501594543457,-98.1819000244141,Puebla
72290,21114,19.050386428833,-98.1855621337891,Puebla
72300,21114,19.054256439209,-98.1540374755859,Puebla
72303,21114,19.0580673217773,-98.1608505249023,Puebla
72304,21114,19.0598297119141,-98.1562576293945,Puebla
72307,21114,19.0673980712891,-98.1461944580078,Puebla
72308,21114,19.0682239532471,-98.1368637084961,Puebla
72309,21114,19.0573844909668,-98.1457824707031,Puebla
72310,21114,19.0572280883789,-98.129020690918,Puebla
72314,21114,19.0610599517822,-98.1435317993164,Puebla
72320,21114,19.041467666626,-98.150505065918,Puebla
72330,21114,19.0491790771484,-98.1620407104492,Puebla
72340,21114,19.0395355224609,-98.1656188964844,Puebla
72350,21114,19.033390045166,-98.1444320678711,Puebla
72359,21114,19.0372428894043,-98.1521759033203,Puebla
72360,21114,19.0393772125244,-98.1321258544922,Puebla
72365,21114,19.0322647094727,-98.1379318237305,Puebla
72370,21114,19.04465675354,-98.1762237548828,Puebla
72373,21114,19.0396633148193,-98.1799850463867,Puebla
72377,21114,19.0411834716797,-98.1888732910156,Puebla
72380,21114,19.0312442779541,-98.1764602661133,Puebla
72390,21114,19.0264873504639,-98.1372299194336,Puebla
72400,21114,19.040843963623,-98.2328948974609,Puebla
72403,21114,19.0390281677246,-98.2284164428711,Puebla
72410,21114,19.037914276123,-98.2157669067383,Puebla
72420,21114,19.0301914215088,-98.2106857299805,Puebla
72423,21114,19.0366058349609,-98.2076110839844,Puebla
72424,21114,19.0311374664307,-98.2156524658203,Puebla
72425,21114,19.0234432220459,-98.2118148803711,Puebla
72430,21114,19.0242710113525,-98.218635559082,Puebla
72440,21114,19.0178070068359,-98.2152557373047,Puebla
72450,21114,19.0294895172119,-98.2244644165039,Puebla
72453,21114,19.0223693847656,-98.2271499633789,Puebla
72456,21114,19.0224208831787,-98.2247543334961,Puebla
72459,21114,19.0247001647949,-98.2268524169922,Puebla
72460,21114,19.010913848877,-98.2443084716797,Puebla
72464,21114,19.0070285797119,-98.2465896606445,Puebla
72468,21114,19.0056247711182,-98.2361221313477,Puebla
72470,21114,19.0044193267822,-98.2228927612305,Puebla
72474,21114,18.9874992370605,-98.232421875,Puebla
72477,21114,18.9999313354492,-98.2115631103516,Puebla
72478,21114,19.0082092285156,-98.2208557128906,Puebla
72480,21114,19.0034198760986,-98.2495498657227,Puebla
72482,21114,18.9906616210938,-98.2527160644531,Puebla
72483,21114,18.9998836517334,-98.2513961791992,Puebla
72484,21114,18.9940376281738,-98.2551193237305,Puebla
72490,21114,18.9818878173828,-98.2538223266602,Puebla
72492,21114,18.9901275634766,-98.2522048950195,Puebla
72494,21114,18.9675903320313,-98.2232055664063,Puebla
72495,21114,18.9492740631104,-98.2513198852539,Puebla
72496,21114,18.9618949890137,-98.2599487304688,Puebla
72497,21114,18.9465732574463,-98.2348175048828,Puebla
72498,21114,18.9788475036621,-98.2766571044922,Puebla
72499,21114,18.9501457214355,-98.2281036376953,Puebla
72500,21114,19.0289440155029,-98.1920928955078,Puebla
72501,21114,19.033411026001,-98.1871490478516,Puebla
72503,21114,19.026834487915,-98.1951751708984,Puebla
72504,21114,19.0282764434814,-98.1958312988281,Puebla
72505,21114,19.0314064025879,-98.1917114257813,Puebla
72510,21114,19.0241088867188,-98.1871337890625,Puebla
72520,21114,19.018159866333,-98.1801223754883,Puebla
72523,21114,19.0059509277344,-98.1698837280273,Puebla
72530,21114,19.0275592803955,-98.198860168457,Puebla
72532,21114,19.0225658416748,-98.1962814331055,Puebla
72533,21114,19.0336818695068,-98.1960525512695,Puebla
72534,21114,19.0266036987305,-98.2108917236328,Puebla
72538,21114,19.0351734161377,-98.1931762695313,Puebla
72540,21114,19.0184459686279,-98.1834411621094,Puebla
72543,21114,19.0192184448242,-98.1886596679688,Puebla
72550,21114,19.0122718811035,-98.2059936523438,Puebla
72560,21114,19.0056037902832,-98.1869201660156,Puebla
72564,21114,19.010612487793,-98.1765670776367,Puebla
72565,21114,19.0146732330322,-98.1860046386719,Puebla
72567,21114,19.0180892944336,-98.1929626464844,Puebla
72570,21114,19.0088329315186,-98.1929168701172,Puebla
72573,21114,18.9931983947754,-98.1816101074219,Puebla
72574,21114,19.0004577636719,-98.1822891235352,Puebla
72575,21114,19.0048332214355,-98.1787414550781,Puebla
72580,21114,19.0108547210693,-98.2141647338867,Puebla
72582,21114,19.0129566192627,-98.2107772827148,Puebla
72583,21114,18.9858798980713,-98.2063140869141,Puebla
72587,21114,18.989128112793,-98.2132720947266,Puebla
72589,21114,18.9962272644043,-98.2056732177734,Puebla
72590,21114,18.9681510925293,-98.2179946899414,Puebla
72592,21114,18.9955997467041,-98.1987991333008,Puebla
72593,21114,18.9862518310547,-98.1983413696289,Puebla
72594,21114,18.9906921386719,-98.206657409668,Puebla
72595,21114,18.9776020050049,-98.1607360839844,Puebla
72596,21114,18.9305572509766,-98.1280822753906,Puebla
72597,21114,18.9986667633057,-98.1496658325195,Puebla
72599,21114,18.9829406738281,-98.1979064941406,Puebla
72670,21034,19.1527976989746,-98.3051147460938,Puebla
72680,21034,19.1450157165527,-98.2821350097656,Puebla
72685,21034,19.1326522827148,-98.3072738647461,Puebla
72700,21041,19.0891304016113,-98.2723770141602,Puebla
72702,21041,19.1014270782471,-98.2644195556641,Puebla
72703,21041,19.0777111053467,-98.2915649414063,Puebla
72704,21041,19.10817527771,-98.2736740112305,Puebla
72705,21041,19.0823841094971,-98.2869338989258,Puebla
72706,21041,19.0954437255859,-98.2917251586914,Puebla
72707,21041,19.0893478393555,-98.2733001708984,Puebla
72708,21041,18.5474090576172,-97.4320220947266,Puebla
72710,21041,19.1459712982178,-98.2377014160156,Puebla
72712,21041,19.1398601531982,-98.2582015991211,Puebla
72713,21041,19.1044597625732,-98.2427749633789,Puebla
72720,21041,19.0868587493897,-98.2501602172852,Puebla
72723,21041,19.0851001739502,-98.2565612792969,Puebla
72724,21041,19.0797920227051,-98.2575607299805,Puebla
72725,21041,19.1526184082031,-98.236457824707,Puebla
72730,21041,19.1014804840088,-98.2539367675781,Puebla
72733,21041,19.1024284362793,-98.2591705322266,Puebla
72735,21041,19.0517692565918,-98.265869140625,Puebla
72750,21140,19.0954685211182,-98.3047866821289,Puebla
72754,21140,19.0550785064697,-98.2703628540039,Puebla
72755,21140,19.067699432373,-98.3067779541016,Puebla
72756,21140,19.0794086456299,-98.279670715332,Puebla
72757,21140,19.07883644104,-98.2731399536133,Puebla
72760,21140,19.0630054473877,-98.3083801269531,Puebla
72762,21140,19.0559978485107,-98.312744140625,Puebla
72764,21140,19.0609741210938,-98.3296051025391,Puebla
72765,21140,19.069299697876,-98.3270111083984,Puebla
72766,21140,19.0865440368652,-98.3239593505859,Puebla
72767,21140,19.0785274505615,-98.3071212768555,Puebla
72768,21140,19.0788726806641,-98.2938613891602,Puebla
72770,21140,19.0397415161133,-98.3856353759766,Puebla
72772,21140,19.0729961395264,-98.2883987426758,Puebla
72774,21140,19.0705680847168,-98.2743988037109,Puebla
72775,21140,19.0728912353516,-98.2678146362305,Puebla
72776,21140,19.0643138885498,-98.2755584716797,Puebla
72777,21140,19.0713233947754,-98.2823486328125,Puebla
72778,21140,19.0608253479004,-98.2983779907227,Puebla
72788,21140,19.0376358032227,-98.3852005004883,Puebla
72803,21119,19.0489768981934,-98.2807540893555,Puebla
72805,21119,19.0625038146973,-98.2893295288086,Puebla
72810,21119,19.0519714355469,-98.2919464111328,Puebla
72813,21119,19.0504894256592,-98.2767944335938,Puebla
72814,21119,19.0589694976807,-98.2775955200195,Puebla
72815,21119,19.0459461212158,-98.303955078125,Puebla
72817,21119,19.0442123413086,-98.3126220703125,Puebla
72819,21119,19.054443359375,-98.2863998413086,Puebla
72820,21119,19.029972076416,-98.2772750854492,Puebla
72823,21119,19.0320339202881,-98.2863464355469,Puebla
72824,21119,19.0374031066895,-98.2574615478516,Puebla
72825,21119,19.0216808319092,-98.2522888183594,Puebla
72826,21119,18.9899654388428,-98.2804870605469,Puebla
72828,21119,19.0046558380127,-98.295295715332,Puebla
72830,21119,18.9994506835938,-98.2627410888672,Puebla
72836,21119,23.9335918426514,-102.5096969604492,Puebla
72840,21119,19.0263557434082,-98.3218154907227,Puebla
72843,21119,19.0317878723145,-98.3180389404297,Puebla
72845,21119,19.0116863250732,-98.3061904907227,Puebla
72846,21119,19.0223751068115,-98.3054885864258,Puebla
72848,21119,19.0397262573242,-98.3411636352539,Puebla
72850,21106,18.9768486022949,-98.3028182983398,Puebla
72860,21106,18.9941883087158,-98.3281326293945,Puebla
72861,21106,18.9253597259522,-98.3491821289063,Puebla
72863,21106,18.9262809753418,-98.318115234375,Puebla
72864,21106,18.9839305877686,-98.3243103027344,Puebla
72867,21106,18.8549938201904,-98.3300170898438,Puebla
72900,21114,19.1579761505127,-98.099967956543,Puebla
72943,21114,19.079216003418,-98.0976715087891,Puebla
72960,21114,18.9461555480957,-98.1616592407227,Puebla
72967,21114,18.9450435638428,-98.2601470947266,Puebla
72968,21114,19.0515460968018,-98.1748657226563,Puebla
72970,21114,18.8536472320557,-98.1635437011719,Puebla
72971,21114,18.9019641876221,-98.222297668457,Puebla
72973,21114,18.8852462768555,-98.1990051269531,Puebla
72975,21114,18.8848495483398,-98.1831665039063,Puebla
72977,21114,18.8539600372314,-98.1884994506836,Puebla
72978,21114,18.8481922149658,-98.2000427246094,Puebla
72980,21015,19.0420074462891,-98.0447463989258,Puebla
72983,21015,19.0487194061279,-98.0167770385742,Puebla
72984,21015,19.0674610137939,-98.0662384033203,Puebla
72985,21015,19.0732803344727,-98.0381546020508,Puebla
72986,21015,19.0335903167725,-97.9980621337891,Puebla
72987,21015,19.0259609222412,-98.0263977050781,Puebla
72988,21015,19.0111427307129,-98.0813369750977,Puebla
72989,21015,19.0064373016357,-98.1237106323242,Puebla
72990,21015,19.0483417510986,-98.0927963256836,Puebla
72992,21015,19.0423145294189,-98.0870971679688,Puebla
72993,21015,19.0470390319824,-98.1245422363281,Puebla
72994,21015,19.048957824707,-98.0746002197266,Puebla
72995,21015,19.0347671508789,-98.1186676025391,Puebla
72996,21015,19.0432395935059,-98.0826797485352,Puebla
72997,21015,19.0621299743652,-98.0911865234375,Puebla
74160,21074,19.1611633300781,-98.4059448242188,Puebla
74162,21074,19.1308860778809,-98.4848175048828,Puebla
74165,21074,19.1982669830322,-98.4397354125977,Puebla
74166,21074,19.1616439819336,-98.4186019897461,Puebla
74167,21074,19.2013397216797,-98.4199066162109,Puebla
74168,21074,19.1277275085449,-98.3706436157227,Puebla
74169,21074,19.2128582000732,-98.3768081665039,Puebla
